model,selected_threshold,valid_recall,valid_precision,valid_f1,test_recall,test_precision,test_f1
logistic,0.1,0.8,0.002617801047120419,0.005218525766470972,0.8,0.002372479240806643,0.004730928444707274
