threshold,recall,precision,f1,roc_auc,pr_auc,tn,fp,fn,tp,positive_support,negative_support,split
0.1,0.8,0.002617801047120419,0.005218525766470972,0.5269856459330144,0.0031387981325975457,566,1524,1,4,5,2090,valid
0.2,0.6,0.002843601895734597,0.005660377358490566,0.5269856459330144,0.0031387981325975457,1038,1052,2,3,5,2090,valid
0.3,0.4,0.003003003003003003,0.005961251862891207,0.5269856459330144,0.0031387981325975457,1426,664,3,2,5,2090,valid
0.4,0.2,0.0023584905660377358,0.004662004662004662,0.5269856459330144,0.0031387981325975457,1667,423,4,1,5,2090,valid
0.5,0.0,0.0,0.0,0.5269856459330144,0.0031387981325975457,1811,279,5,0,5,2090,valid
0.6,0.0,0.0,0.0,0.5269856459330144,0.0031387981325975457,1906,184,5,0,5,2090,valid
